{"cameraMode":{"drawMode":0,"name":"Shaded","section":"Shading Mode"},"sceneLighting":true,"audioPlay":false,"sceneViewState":{"showFog":true,"showMaterialUpdate":false,"showSkybox":true,"showFlares":true,"showImageEffects":true,"showParticleSystems":true},"in2DMode":false,"pivot":{"x":1.027999758720398,"y":1.780228614807129,"z":-5.916418552398682},"rotation":{"x":-0.025532783940434457,"y":-0.8740066289901733,"z":0.04619906097650528,"w":-0.4830401837825775},"size":0.3826752305030823,"orthographic":false}